template,references,referenced_by,is_referenced
actions.html,base.html,,否
base.html,,v05i_pipeline.html;person_detail.html;resources.html;v05c_club_events.html;v05e_signals.html;paste_analyze.html;v05kl_operations.html;dashboard.html;subject_profile.html;new_intelligence.html;v05d_member_portal.html;v04d_structuring.html;subject_center.html;v04g_monitoring.html;resource_detail.html;v04h_recommendations.html;relations.html;organizations.html;v04f_club_apply.html;v04f_club.html;v04f_leads.html;organization_detail.html;events.html;search_results.html;intelligence_list.html;generic_form.html;v05h_reports.html;v05d_member_admin.html;projects.html;v04db_prestructure.html;v05a_security.html;intelligence_detail.html;people.html;v04e_entity_resolution.html;project_detail.html;v05e_dashboard.html;platform/base.html;v05b_member_import.html;v05e_watchlists.html;v04c1_ingestion.html;event_detail.html;imports.html;v05j_research.html;identity.html;suspicious_entities.html;paste_preview.html;actions.html,是
dashboard.html,base.html,,否
events.html,base.html,,否
event_detail.html,base.html;_review_status.html,,否
generic_form.html,base.html,,否
identity.html,base.html,,否
imports.html,base.html,,否
intelligence_detail.html,base.html,,否
intelligence_list.html,base.html,,否
new_intelligence.html,base.html,,否
organizations.html,base.html,,否
organization_detail.html,base.html;_review_status.html,,否
paste_analyze.html,base.html,,否
paste_preview.html,base.html,,否
people.html,base.html,,否
person_detail.html,base.html;_record_meta.html,,否
projects.html,base.html,,否
project_detail.html,base.html;_record_meta.html;_review_status.html,,否
relations.html,base.html,,否
resources.html,base.html,,否
resource_detail.html,base.html;_record_meta.html,,否
search_results.html,base.html,,否
subject_center.html,base.html,,否
subject_profile.html,base.html,,否
suspicious_entities.html,base.html,,否
v04c1_ingestion.html,base.html,,否
v04c_review_queue.html,platform/base.html,,否
v04db_prestructure.html,base.html,,否
v04d_structuring.html,base.html,,否
v04e_entity_resolution.html,base.html,,否
v04f_club.html,base.html,,否
v04f_club_apply.html,base.html,,否
v04f_leads.html,base.html,,否
v04g_monitoring.html,base.html,,否
v04h_recommendations.html,base.html,,否
v05a_security.html,base.html,,否
v05b_member_import.html,base.html,,否
v05c_club_events.html,base.html,,否
v05d_member_admin.html,base.html,,否
v05d_member_portal.html,base.html,,否
v05e_dashboard.html,base.html,,否
v05e_signals.html,base.html,,否
v05e_watchlists.html,base.html,,否
v05f_collection.html,platform/base.html,,否
v05g_processing.html,platform/base.html,,否
v05h_reports.html,base.html,,否
v05i_pipeline.html,base.html,,否
v05j_research.html,base.html,,否
v05kl_operations.html,base.html,,否
_page_head.html,,,否
_record_meta.html,,resource_detail.html;person_detail.html;project_detail.html,是
_review_status.html,,organization_detail.html;event_detail.html;project_detail.html,是
platform/admin.html,platform/base.html,,否
platform/admin_intelligence.html,platform/base.html,,否
platform/admin_organizations.html,platform/base.html,,否
platform/admin_people.html,platform/base.html,,否
platform/base.html,base.html,platform/person_card.html;v05f_collection.html;v04c_review_queue.html;platform/organizations.html;platform/identity.html;platform/people_discovery.html;platform/subscriptions.html;platform/error_403.html;platform/intelligence_operations.html;platform/home.html;platform/resources.html;platform/admin_people.html;platform/intelligence.html;platform/opportunity_detail.html;platform/data_integrity.html;platform/search_results.html;platform/opportunities.html;platform/resource_form.html;platform/network.html;platform/intelligence_detail.html;v05g_processing.html;platform/resource_detail.html;platform/admin.html;platform/workspace.html;platform/admin_organizations.html;platform/error_500.html;platform/error_404.html;platform/admin_intelligence.html,是
platform/data_integrity.html,platform/base.html,,否
platform/error_403.html,platform/base.html,,否
platform/error_404.html,platform/base.html,,否
platform/error_500.html,platform/base.html,,否
platform/home.html,platform/base.html,,否
platform/identity.html,platform/base.html,,否
platform/intelligence.html,platform/base.html,,否
platform/intelligence_detail.html,platform/base.html,,否
platform/intelligence_operations.html,platform/base.html,,否
platform/network.html,platform/base.html,,否
platform/opportunities.html,platform/base.html,,否
platform/opportunity_detail.html,platform/base.html,,否
platform/organizations.html,platform/base.html,,否
platform/people_discovery.html,platform/base.html,,否
platform/person_card.html,platform/base.html,,否
platform/resources.html,platform/base.html,,否
platform/resource_detail.html,platform/base.html,,否
platform/resource_form.html,platform/base.html,,否
platform/search_results.html,platform/base.html,,否
platform/subscriptions.html,platform/base.html,,否
platform/workspace.html,platform/base.html,,否
